step,train_loss,test_loss,train_acc,test_acc,weight_norm
0,4.59588623046875,4.598238945007324,0.010272759012877941,0.00971758272498846,21.745498805321443
100,0.12735764682292938,5.026387691497803,1.0,0.1633768528699875,24.11290755148466
200,0.020125409588217735,4.937223434448242,1.0,0.2081688493490219,23.51165729143082
300,0.01182830985635519,4.959547996520996,1.0,0.22259338200092316,23.51294774642577
400,0.007733388803899288,4.891653060913086,1.0,0.22988156974315643,22.88859494600294
500,0.0035929218865931034,4.969996452331543,1.0,0.2354995459318161,23.172268560289382
600,0.014015008695423603,4.721477031707764,1.0,0.23625873029232025,23.455972512256995
700,0.013469336554408073,4.445901870727539,1.0,0.24658365547657013,22.54021261160772
800,0.5613582134246826,5.526172161102295,0.9206517934799194,0.12465836852788925,23.38137700865559
900,0.01585277169942856,3.917598009109497,1.0,0.26525965332984924,23.299918731808823
1000,0.011623837985098362,3.7728188037872314,1.0,0.2737625241279602,23.675050226220918
1100,0.0049489885568618774,3.594895839691162,1.0,0.29107198119163513,24.943085259226812
1200,0.014897857792675495,2.459263801574707,1.0,0.3897661566734314,26.298775271773128
1300,0.012710808776319027,2.223635196685791,1.0,0.42286667227745056,25.214941253227046
1400,0.007319839205592871,1.8238688707351685,1.0,0.5004554986953735,25.897396990706355
1500,0.003043239703401923,1.2240797281265259,1.0,0.6618584990501404,26.957155847977205
1600,0.0012589392717927694,0.658880889415741,1.0,0.8373823165893555,27.95809890869737
1700,0.0005241266917437315,0.26356884837150574,1.0,0.9539933204650879,28.905741937010117
1800,0.0002195510605815798,0.07584191858768463,1.0,0.9936228394508362,29.805736260427977
1900,9.342210250906646e-05,0.020374780520796776,1.0,0.9977224469184875,30.675500129803318
2000,4.063785308972001e-05,0.0068864100612699986,1.0,0.9989371299743652,31.54847401755227
2100,0.0021508645731955767,0.02237020991742611,1.0,0.9990890026092529,32.28782523335151
2200,0.0018265388207510114,0.011649113148450851,1.0,0.9995445013046265,29.760619167602876
2300,0.0018317325739189982,0.008462305180728436,1.0,0.9998481869697571,28.687911269150646
2400,0.0009394972585141659,0.003927530720829964,1.0,1.0,29.137003759039814
2500,0.0004124749393668026,0.0015533816767856479,1.0,1.0,29.968704867020605
