step,train_loss,test_loss,train_acc,test_acc,weight_norm
0,4.59588623046875,4.598238945007324,0.010272759012877941,0.00971758272498846,21.745498805321443
100,0.13077601790428162,5.029907703399658,1.0,0.16261766850948334,24.06638835206134
200,0.020281905308365822,4.9403486251831055,1.0,0.21044640243053436,23.4396679039075
300,0.013000893406569958,4.9505767822265625,1.0,0.22304889559745789,23.47297421201798
400,0.008641816675662994,4.858270168304443,1.0,0.2323109656572342,22.7270534310179
500,4.14379358291626,6.683167934417725,0.12291888147592545,0.02080170065164566,22.979843385074684
600,0.014187971130013466,4.545203685760498,1.0,0.24810203909873962,22.821550554495527
700,0.011893528513610363,4.392502307891846,1.0,0.2520498037338257,22.3454252725663
800,0.005785814486443996,4.367074012756348,1.0,0.2602490186691284,23.13878141477406
900,0.028621850535273552,3.488508701324463,1.0,0.2907682955265045,24.4653461810662
1000,0.019599996507167816,3.2294719219207764,1.0,0.31278470158576965,23.445169582348637
1100,0.024123607203364372,2.1736950874328613,1.0,0.43516549468040466,24.0214866454721
1200,0.017205853015184402,1.846574068069458,1.0,0.5010628700256348,23.947544242342808
1300,0.0074045597575604916,1.202444076538086,1.0,0.6840267181396484,24.83142107921785
1400,0.0030403670389205217,0.609767496585846,1.0,0.8689644932746887,25.78203808443562
1500,0.0012512068497017026,0.23990923166275024,1.0,0.963559091091156,26.726466190706567
1600,0.0005198594299145043,0.07851039618253708,1.0,0.9895232319831848,27.669943433719617
1700,0.0041680471040308475,0.03315986692905426,1.0,0.9990890026092529,27.466559766218598
1800,0.0046626669354736805,0.026781857013702393,1.0,0.9996963143348694,26.12619650265329
1900,0.0024789366871118546,0.01260057371109724,1.0,1.0,26.387793535715943
2000,0.00105456227902323,0.00452564237639308,1.0,1.0,27.235076891791934
2100,0.0004439630138222128,0.0015690820291638374,1.0,1.0,28.198604577185097
